,graph_gnn_k_4,flat_gnn_k_4,graph_gnn_k_6,flat_gnn_k_6
baseline_MAE,0.2734967,0.2722125,0.12652619,0.12652619
train_MAE,0.23109365,0.22915354,0.12652254,0.12652054
val_MAE,0.23558314,0.24258216,0.12651889,0.12652619
test_MAE,0.23205322,0.23203129,0.1265262,0.1265262
